1,1802,202,3015,238,,,,,IIor. N: Name,,Ovorseas -It:: C.M.I1.
1,1958,287,3056,323,,,,,,"Bourne, H. fl.",54th Bn. 2-4-1C,"Lieut. Missinq, bo -"
1,1959,389,3047,433,,,,,,"Bowen, D. J.",34th Bn. 2-4-16,"1, * o u t. Invalided to"
1,147,546,2912,579,Afitn:::,: I.,,,,,,London. Eng.
1,627,582,3044,619,,Original,Joined,,"10712C Brett, V,r.",,2nd C.M.R. 29-3-17,Lieut. 29-3-17. Capt.
1,146,616,3046,649,Reg. >>.,Overseas,4th C.M.I,Regimental Record.,,,,27-6-18. w. 1-4-17
1,164,694,2821,725,leosrs,"Aeeet, E. A.",2nd Pioneer,1-12-16,"Lieut, ip. 25—1-16.",,,29-3-1C.
1,633,732,3046,770,,Bn.,,"Killed at Yimv Ridge,","141820 Bsown, A. K.",,70th Bn. 27-0-18,Lieut. lulled Arras
1,301,807,3042,842,"Aitken, G. J.",111th Bn.,23-11-10,"Lieut, it. 6-4-17 and","10924S Boistead, L. B.",,4th C.M.R. 24-10-15,Sgt. Lieut. 7-5-13.
1,301,881,3043,914,"Alison, T. E. C","74th Br.,",9-6-16,Lieut. s.c.s. ’2-0-16.,,,,3-6-10 and 9-S-1S.
1,301,918,3045,950,"Allf.n, A. E.",S3rd Bn.,18-6-16,Lieut. u\ 23-4-17. s.o.s.,,,,s.o.s. 7-3-19. M.C.
1,300,993,3012,1029,"Allen, J. B.",126th Bn.,9-11-17,"Lieut, s.o.s. 6-1-10.",,"Burch, F. O.",4th C.M.R. Nil,"Major, s.o.s. 31-1-15."
1,299,1030,3041,1065,"Arnold, E. M.",Oth C.M.R.,8-3-16,"Lieut, s.c.s. 20-4-16.","•805404 EcTSOff, W. G.",,135th Bn. 27-10-10,"Lieut, d. of c. Virr.v"
1,299,1067,2921,1100,"Baird, R. P,",10th C.M.R.,10-7-16,Lieut. Tr^r.;. 2nd,,,,Ridge 10-4-17.
1,1043,1105,3043,1139,,,,C.M.R. 5-S-i:,,"Cameron, A.",135th Bn. 24-12-17,Lieut. w. 24-S-1S. s.o.s.
1,298,1142,2804,1175,"Bap.ton, II. E.",159th Bn.,1-7-17,"Lieut, s.g.s. 21-2-1S.",,,,6-9-18.
1,163,1178,3046,1214,ioS^:,"Bean, A.",Slst Bn.,7-6-16,Sgt. Lieut. 11-S-I?. s.o.s.,"Caaipbell, J. D.",147th En. 3-5-17,Lieut. Killed Passche-
1,177,1252,3045,1288,5C,"Bsnnett, I-I.",C.A.M.C.,1-12-16,Lisut. Second:; Asst.,Chadwick.,4th C.M.R. Nil,Lieut.-Col. s.c.s.
1,1041,1290,3046,1325,,,,Adj. 3rd Can. Div.,,w. c.,,23-6-15. Subs. Lt.-
1,1043,1402,2962,1436,,,,s.o.s. 13-2-10.,,,,"Lieut, s.o.s. 5-G-17.","Chap.tef.3, H. P. lOStli Bn. 1-5-17"
1,301,1438,3008,1475,"Bisno:, I.. F.",4th C.M.R.,24-10-15,Lieut. Capt. :r. 2-10-10.,,,,"Lieut, s.o.s. 22-8-17.","Crrr.NNEY, J. A. B. 33rd En. 1S-C-13"
1,162,1511,3045,1549,IK/' •',Black A. H.,Sth C.M.R.,29-M6,Sgt. C.S.M. w. 12-1-17.,,,1st Depot Bn. TT.O.R.
1,1043,1550,3045,1586,,,,Lieut. 11-8-1:?. s.o.s.,,,,"Lieut, to. 2-1C-13. s.o.s.","Clark, C. T. 74th Bn. 8-6-10"
1,1040,1630,3048,1669,,,,patches.,,,,Lieut. Capt. A Major,"Clark, G. 170th Bn. 23-11-16"
1,299,1666,3045,1701,"Blake, H. A.",Slst Bn.,18-6-16,Lieut. Can. s.o.s.,,,,"Adjt., 23-12-17 to"
1,1818,1788,3045,1825,,,,,,,,Corpi. Lieut. 4-5-17. w.,"1356S3 Clap.-s, A.",74th Bn.
1,298,1862,2784,1895,"Blake, H. E.",4th C.M.R.,Nil,Lieut. s. o. £. 1-9-15.,,,,M.C.
1,296,2059,1370,2092,"Bostoci:, A. H.",L.S.E.,26-6-16,Lieut. Kiiiea Mount
1,1957,2072,3048,2110,,,,,,,,"Lieut. Killed, Sanrt'uary","Coi.'KSIIUTT,",4th C.M.R. 24-10-15
2,1806,248,2984,286,,,,"C3C212 Dcnsof,"", W.",,170‘.h Bn,rto-Lieut. 23-517.
2,1943,398,3024,439,,,,,"DotTGLA?, J. II.",35th En. 22-4-1(3,Lieut.-Capt. p. cf w.
2,149,489,3023,545,2:c:::,Corn: G. V. C-5,,,"Dowe:>:c, V. C.",50th Bn. iS-C-IC,Lieut. 2-10-16. s.o.s.
2,149,563,1366,617,155355,Coi—.. ^nn. u. O'. 5—,Pie. -Lieut. I4-5-I7.
2,286,639,3022,700,,"Eavieec:;, II. G. 7-1",,"1071S1 Eh-veec, P. V7.",,2nd C.M.E. 24-G-1G,Sgt.-Lieut. 30-G-IG. Att.
2,1935,844,3021,880,,,,,"Desga>:, G. VT.",4th C.M.P.. Kil,Lieut. Trans. Cav. De¬
2,275,1010,3018,1066,,"Dzacg:;, A. W. £-1:1 En.","Lieut, it. 2-IG-IS and",,"Duxeop, E. S.",134th Ea. 2G-2-15,"Lieut, it. 23-5-18. s.o.s."
2,1015,1103,3017,1155,,,28-10-17. M.C.,"1GC31S Eu::sror.3, L.",,2nd Pur. Bn. 1-12-10,Sg+. it. 15-6-16. Lisut.
2,1012,1213,3016,1268,,,Subs. A.D.C. to G.,,"Enin, A. E.",110th En. 24-0-17,"Lieut, tr. 23-10-17."
2,1932,1315,3016,1350,,,,,"E..7— """,117th En. 5-7-17,Lieut. Killed Passch-
2,121,1618,2984,1699,100353,"Dkok, g. e. <ti 2-mc-:c",Fte.-Lieut. SO-C-15. tr.,,,,Rising Sun (Japan).
2,1928,1702,3010,1740,,,,,"Everett, II. S.",6th C.M.E. 3-1-1G,"Lieut, w. I-4-1G. s.o.s."
2,1789,1822,3011,1866,,,,"109332 Faiueeoteee,",,4th C.M.E. 24-10-13,C.Q.M.S.-Lieut. 1-7-17.
2,1927,1905,3010,1948,,,,,"Fap-liee, T. T7.",4th C.M.E. 24-13-15,Lieut.-Capt. and Pay¬
2,1926,1988,2973,2026,,,,,"I’cEGUSorr, J. M.",83rd Ea. 1S-G-1C,"Lieut, s.o.s. 27-2-17."
3,271,392,3049,431,,"Fleujkg, G.-D. UTih En. 2-1-12-17",Lieut.-C a n t. A 'Mcj.,En,,"Lieut, s.o.s. 10-10-18,"
3,1967,511,3048,543,,,,"Err—-::, T. A.",r7th En.,"Lieut, ic. 11-1-17. s.o.s."
3,274,538,1354,578,,"Fn/.T-rnr, H.",Cast.-'ldjt. 20-0-1C to
3,272,691,1319,727,,"Gale, B. R.",Lieut.-Cr.pt. A/Mai.
3,1830,770,3048,803,,,,"IIoac, C. K. 4th C.M.R. 21-10-15",,Pte.-L i e u t. 30-G-16.
3,272,804,1323,837,,"Gamble, E.","Lieut, s.o.s. 23-0-16."
3,272,839,1353,875,,"Garrow, J. IT. 74th Bn.","Lieut. Died Gas,"
3,170,914,1354,951,"2233 Giles, G. R. No. 2. San.",,Pte.-Lieut. 28-4-17.
3,1827,1030,3048,1064,,,,"Eo~inn, C-. L. M. Slst En. 7-6-1G",,R. S. 6-8-18.
3,1824,1216,3045,1252,,,,"Innxs, I. C. L.S.E.- 1-12-1S",,L/CpL-Lieut. 20-11-15.
3,1963,1328,3044,1363,,,,"iNNns-T-'-ricE, R. 74th En.",,Lieut.-Capt. Adjt.
3,1961,1625,3042,1660,,,,"Jones, i. R.",4th C.M.R. Nil,Lieut. Tram. Eng. C.
3,1957,1960,3002,1996,,,,"LApmnnn, L. A. 7th C.M.R. 1S-0-10",,Capt. K.o.-i
3,1958,1998,3019,2031,,,,"Lattimuu, J. E. 4th C.M.E.. 24-10-15",,Lieut.-C apt
4,620,215,2636,249,,,Unit in r;«i-,,,,U mt,in Field.
4,132,263,3062,303,1001-1,"L.wton, R. I. -1th C.M.R. 21-10-15 Ris.-S-t. C.S.M.-Lieut.",,,,"Mec —r, E.",Cih C.M.R.,3-1-10,"Lie”*, s. c. s. 30-4-i.ti."
4,273,385,1354,423,,"Layton, F. P. E.",40th Bn.,2-4-16,"Lieut. Killed Zillebekc,"
4,2069,411,3058,449,,,,,,"s, II. C.",110th Bn.,1S-2-17,A/'Sgt.-Lieut. 28-4-17.
4,273,468,1353,505,,"Lea, C.",4th C.M.R.,24-10-15,"Lieut. -Capt, s.o.s."
4,1976,522,3059,560,,,,,,"Moore, II. E.",Slst Bn.,18-0-10,Lieut. Killed Regina
4,271,589,1355,623,,"LinnTnocnNE,",4th C.M.R.,21-10-15,Lieut.-Capt. 1-2-16.
4,1976,597,3056,634,,,,,,"Mooreeouse,",4th C.M.R,24-10-15,Lieut. - Capt. - Major.
4,276,857,3057,893,,"Litsteh, K. I.",234th Bn.,28-11-17,Lieut. w. 2-11-18.,,,,"de Guerre, (Belgian.)"
4,1023,893,3060,931,,,,,s.o.s. 11-11-18.,"Mor.p.isi:Y, G. 6th C.M.R.",,3-1-16,"Lieut. Missing, Sanctu¬"
4,139,934,2994,976,766430,"Lowkie, J. A. F.",123rd Bn.,11-9-18,C.S.M.-Lieut. ll-S-18.,,,,ary Wood. 2-6-16.
4,1024,970,3059,1005,,,,,s.o.s. 20-3-19.,"Muif.he‘ad, V/. R. 66th Bn.",,15-7-16,Lieut.-Capt. Killed
4,140,1024,1321,1058,109475,"Mann, S.",4th C.M.E.,24-10-15,C.S.M.-Lieut. 4-C-16.
4,1976,1081,3059,1116,,,,,,"Mteus, J. R.",159th Bn.,17-5-17,"Lieut, t?. 20-6-17 and"
4,279,1105,1358,1141,,"Marlatt, K. D.",4th C.M.R.,24-10-15,"Lieut.-Kon. Cart, and"
4,1976,1192,3058,1228,,,,,,"McDonald, A. B. 154th Bn.",,22-11-10,Lieut. Killed Le Quss-
4,1835,1267,3057,1302,,,,,,,,23-9-17,Cpl.-Lieut. 6-S-IS. id.
4,283,1337,1359,1372,,"Martin, J. R.",4th C.M.R.,24-10-15,Lieut.-Capt. and
4,1975,1379,3011,1413,,,,,,"McEacheen, F. Y.198th Bn.",,13-3-18,Capt. s.o.s. 20-3-19.
4,1974,1424,3057,1457,,,,,,Mcr ARLAND. 147th Bn.,,4-5-17,Maj. s.o.s. 14-8-18.
4,282,1456,1358,1492,,"Menise, J. S.",34th Bn.,10-7-16,Lieut. Invalided to
4,284,1535,3060,1575,,"Menzies, A. P.",7oth En.,18-6-16,"Lieut.-Capt. - A, Major",,,,Brought to notice of
4,1029,1726,3057,1764,,,,,patches.,"McLean, C. H. 6th C.M.R.",,22-4-16,Maj. s. c. s. 20-9-16.
4,285,1765,3059,1806,,"Mills, K. M.",33rd En.,17-6-16,Lieut. Killed Coureel-,,,,"Can. Res, Cct."
4,286,1855,1364,1889,,"Mills, L. G.",74th En.,8-6-16,Lieut. 1-7-17. Capt.
4,1029,1960,3061,2000,,,,,da. Despatche;.,,,9-11-17,"Lieut, ic. 23-8-18. s.o.s."
4,147,2013,1361,2047,109493,"i.ilTCIIELL, R.",4:n C.M.R.,24-10-15,Sgt.-Lieut. 1-7-17. is.
4,1029,2043,3060,2079,,,,,28-8-18. s.o.s. 7-9-18.,"MacDov/ell, 156th Bn.",,18-C-1C,"Lieut, ic. 7-G-I7. s.o.s."
4,1030,2080,2935,2121,,,,,M.C. Despatches.,M. W.,,,11-6-17. M.C.
5,81,130,2996,156,... --xvix,1
5,549,158,2553,187,,,^'.-iciri! Joined,,,Original,Joined
5,75,190,2963,225,.'.■■r N<\,N:imc,"(.■'■■""rsrus 4th C.M.R","Regiment a! R-: ""e'rd.",Name,Overrra;;,4t;: C M.R.,Regime?:: :0 1' ■ ■ r.
5,583,223,2572,252,,,I nil. in Field.,,,Unit,in Field.
5,93,274,2994,310,1 i')467,m . G. F.,4± C.M.R. 24-10-15,S g t. - L i c- u t. 2-0-17 .,"Fitters on, V.’. R.",4th C.M.R.,21-10-15,Capt. Maj.-Lieu:-Col.
5,234,386,2996,423,,"MacFahlane,",4th C.M.R. 24-10-15,A.'Sgt.-Lieut. 25-7-10.,"Paull, F. II.",142nd Bn.,2S-4-17,Lieuv. ' w. 5-0-17 end
5,268,428,2977,457,,A. H.,,tr. 2-10-16 and 9-4-17.,,,,9-S-1S. s.o.s. 13-8-IS.
5,977,460,2996,493,,,,s.o.s. 19-4-17. M.C,"Feaeer, C. II.",Sth C.M.R.,S-3-1G,Lieut. Killed Sanctuarv
5,978,535,2996,569,,,,Bn. I,"PrEITER, W. K.",24Sth Bn.,9-11-17,"Lieut, tr. 2S-8-1?. s.c.s."
5,236,577,2760,612,,"MacKay, D. R.",4:h C.M.R. 24-10-15,Capt. KilledPloeg-,,,,4-9-1S.
5,977,610,2997,644,,,,straat 5-12-15.,"PuiLirs, T. TV.",134th Bn.,15-5-1S,"Lieut, tr. 2S-S-1S. c.o.s."
5,235,653,2778,685,,"MacKendeich,",lllth En. 23-11-16,"Lieut, tr. 5-9-17. s.o.s.",,,,20-3-19.
5,270,684,2997,722,,H. C.,,29-9-17. Subs. Capt.,"Pickering, II. V.",110th Bn.,10-4-17,Lieut. Killed Passchen-
5,1911,759,2997,798,,,,,"Pierce, B. C.",59th Bn.,18-6-16,Lieut. Killed Yimy
5,235,772,1319,804,,MacKenzie,4tl> C.M.R. 24-1C-15,Lieut.-Capt. AMajor
5,1911,833,2995,866,,,,,"Pluhmer, PI. L.",4th C.M.R.,25-11-14,Lieut. s.o.s. 13-3-16.
5,236,967,1273,994,,MacLacblan.,134th Bn. 26-2-XS,"Lieut, s.o.s. 20-3-10."
5,114,1049,2998,1094,30743,"Nesbitt, W. J.",21s: Bn. 1-12-16,Sgt.-Lieut. 29-11-16. tr.,"Pctser, B. D.",22Sth Bn.,2S-4-17,Lieut.-Capt. tr. 3-S-1S
5,238,1130,2999,1170,,"New, J. A.",130th Bn. 2S-5-17,Lieut. A/Capt. 1S-I2-18,"PEESCGTT, J. H.",S3rd Bn.,18-6-13,Lieut. Killed Regina
5,979,1203,2940,1238,,,,s.o.s. 22-7-18 on being,"P.AilSEY, A. R.",134th Bn.,28-2-18,"Lieut, s.o.s. G-C-1C."
5,979,1241,2996,1276,,,,Sec’d. as 2nd in com¬,"Richards, E. G.",84th Bn.,18-6-16,Lieut. tr. 23-12-16.
5,82,1353,2996,1395,:’03071,"Nicholson,",227th Bn. 9-11-17,"Lieut, tr. 17-1-IS end","Richardson,",71st Bn.,18-6-16,Lieut. tr. S-10-13.
5,274,1397,2996,1427,,C. L. W.,,19-1-18. Killed west,,,,s.o.s. 15-10-10. Subs.
5,1911,1464,2953,1498,,,,,"Robertson, II. II.",177th En.,27-6-18,"Lieut, s.o.s. 17-0-1S."
5,100,1482,1312,1515,->49121,"Nodwell, XV.",I50:h Bn. 21-4-17,Sgt. tr. 5-9-17. Lieut.
5,1912,1501,2994,1540,,,,,"PlOCNDS, H. C.",liltli En.,22-11-16,Lieut.-Capt. tr. 11-5-17
5,97,1602,1295,1635,34S350,"Norton, S.",R.C.II.A. 13-S-17,A/Sgt.-Lieut. 2G-1-17.
5,1910,1613,2995,1647,,,,,"Rous, F. TV.",159th Bn.,8-10-17,"Lieut, tr. C-S-13. s.o.s."
5,241,1683,1313,1717,,"O'Beian, G. S.",4th C.M.R. Nil,"Lieut, s.o.s. on trans."
5,1911,1733,2997,1767,,,,,"Rowat, D. W.",4tii Res. Bn.,1S-6-16,Lieut. Seconded Sth
5,1775,1815,2998,1850,,,,,"Rule, E.",83rd Bn.,7-6-16,"P t e ,-L i e u t. 23-4-1S."
5,1775,1936,3000,1970,,,,,"F*ir ssell, G. A.",Slst Bn.,7-6-16,C.S.M.-Lieut. 4-1C-1S.
5,102,2020,3002,2063,ItOOGS,"Pashlei:, C. I.",Sis: Bn. 7-6-1C,A Sgt.-Lieut. 2S-4-18.,"Rutherford,",147th Bn.,5-4-17,Lieut.-Capt. tr. 24-8-1G.
6,639,153,2626,190,,"Origin""!",J.in--f,,,Original Joined
6,158,185,2975,222,,Overseas,4te c m r.,", Regimental Record.",,Overrerr 4~: C '.'.V.,V • - ' E -
6,667,220,2646,253,,Unit,ir: I :s_a,,,Unit in Field.
6,309,273,3070,310,"Rutter, G. V."".",4th C.M.R.,"21-10 1""",Lisut. to. 2-6-16. s.o.s.,"Sor.rox, T. R.",14>t En. C-o-17,Lieut. Sue? R.F. C.
6,309,347,3069,388,"Saxo, J.",Sth C.M.R.,29-1-16,Pte.-Lieut. 22-4-17. ti\,"Spexcer, R. A.",glth Bn. 10-3-ie,J >t. s. e. s. 10-2-10.
6,1055,385,3069,422,,,,"15-5-16 and 15-9-1(3,","StAYXER, P.. V.T,",1st C.M.E. 25-12-17,C'aDt.-Mai. seconded
6,310,496,3068,532,"Scott, A. L",4th C.M.R.,Nil,"Lieut, s.o.s. 25-3-15.",,,I.E. and G.S.O. 3rd
6,309,608,3067,644,"Scott, II. A.",Sth C.M.R.,8-3-1C,Lieut.-Capt. Maj.,,,"Force, Lt.-Col. A.A."
6,308,719,3068,760,"Scovil, M. A.",Gth C.M.R.,3-1-lt,Capt. p. cf vi. 3-6-16.,,,Despatches. Order of
6,306,830,3066,872,"Shaver, W. W.",R.F.C.,26-4-17,"Lieut. Trans, to Eng.",,,Brought to the notice
6,306,903,3066,941,"Shepherd, E. C.",159th Be.,22-4-17,Lieut. Killed Passchen-,,,for valuable and dis¬
6,307,978,3064,1015,"Sheppard, H. C.",4th C.M.R.,24-10-15,C a p t. - M a j. s.o. s.,,,rendered in connec¬
6,1049,1092,3066,1132,,,,C.G.R.,,R.C.D. 16-11-17,Sgt./Maj. Lieut. 11-8-1S.
6,305,1127,3061,1169,"Siftox, W. V.",2nd C.M.R.,17-5-17,C a p t. - M a j. Adit.,,,Capt. 27-10-17. Maj.
6,638,1166,3061,1201,,Bde. H.Q.,,2-8-17 to 23-12-17.,,,14-S-15. *w. 23-S-1S.
6,1046,1242,3020,1276,,,,w. 4-12-15. D.S.O.,"STEWART, J. B.",150th En. S-ll-17,"Lieut, s.o.s. 20-3-19."
6,1048,1278,2885,1317,,,,Despatches.,"Syuons, H. L.",4th C.M.R. 24-10-15,Lieut.-Capt.
6,303,1311,3059,1349,"Sims, D. C.",227th Bn.,26-9-17,Lieut. Killed Passchas-,,,s.o.s. 2G-7-15. Sub~.
6,301,1387,1384,1420,"SlIILLIE, W. R.",215th Bn.,2S-4-17,"Lieut, w. 5-S-17. s.o.s."
6,1048,1427,2773,1465,,,,17-9-17.,"Symons, J. H.",4th C.M.E. 21-10-15,Capt.
6,166,1462,3058,1503,,8th C.M.R.,29-1-1S,Pte. w. 3-6-16. Lisut.,,,Adjt. from 1-7-15 un¬
6,300,1572,1379,1608,"Smth, H. E.",37th Bu.,11-4-16,Lieut.-Capt. p. of w.
6,1972,1586,3055,1623,,,,,"Taylor, A. E.",4th C.M.R. Nil,Capt. s. c. s. 2S-6-15.
6,298,1647,1379,1682,"SiiiTH, S. F.",4th C.M.R.,24-IC-15,Maj .-Lt.-Col. s.c.s. on
6,294,1796,1373,1832,"Snider, H. E.",4th C.M.R.,24-10-15,Capt. and Q.M. s.o.s.
6,1969,1855,3015,1889,,,,,"Thoiias, E. A.",6th C.M.R. 3-1-16,"Lieut, s.o.s. 20-4-16."
6,1969,1902,3055,1935,,,,,"Tkohsgn, F. C.","2iCtliEr,. 11-4-15",Lieut. -L.-;. 22-C-18. s.c.c.
6,160,1947,1374,1979,,4th C.M.R.,24-10-15,Pte. s.o.s. on trans. to
6,329,1984,3055,2020,R. W.,,,3rd Div. Sig. Coy.,"Tidy, P. C.",35th Ea. 1S-6-10,Lieut.-Capt. s.o.s. cm
7,143,239,2147,277,Reg Xo. Name,,Overseae,4th C.M.E,Regimental Eerord.
7,158,319,3066,363,333910 Tobias. L. C.,,6-3 rd Bty.,27-10-1S,Gnr.-Lieut. 4 - 10 - IS.,,2nd Div. Cyc. 11-1-1S,"p'-'Y -Lieut, s. o. s."
7,1974,397,3064,431,,,,,,"Wood, F. II.",S3rd En. 22-4-16,Lieut. Subs. Capt.
7,305,402,1385,435,,"Todd, T.",111th Bn.,30-4-17,Lieut. w. 5-5-17. s.o.s.
7,183,476,1385,512,"21592 Towniiill, J. V.’.",,Iltb Bn.,11-9-1S,L/Cpl.-Lieut. 11-S-1S.
7,1975,509,2965,542,,,,,,Woods. J. R.,35th Bn. 1S-6-16,Lieut.-Capt.
7,304,552,1385,584,,"Uglov, E. \7.",Sth C/M.R.,8-3-16,"Lieut. Missin"" Sanc¬"
7,303,626,1335,662,,"Ltssiiep., J. F. E.",4:k C.M.E.,24-10-15,Capt.-Maj.-Lt.-CoI.
7,1975,696,3065,729,,,,,,"WREYFORD, J. C.",2I6th Bn. 11-4-18,Lieut. Seconded to Im¬
7,1852,842,2964,878,,,,,,,P.P.C.L.I. 4-6-18,Lieut. 21-S-16.
7,166,885,1384,923,"109G55 Waddell, >7. V.",,4-.h C.M.R.,24-10-15,Sgt.-Lieut. 4-5-17.
7,303,1035,1381,1068,,"Waghorxe, R. E.",OSeers',28-4-17,"Lieut, s.o.s. 27-S-iS on"
7,1972,1103,3065,1138,,,,,,"V.'vatt, T. L.",159th Bn. 22-4-17,"Lieut, is. 27-10-17. s.o.s."
7,303,1146,1339,1178,,"Wtalkee, E. L.",4th C.M.E.,Nil,"Lieut, s.o.s. 1G-4-15."
7,303,1184,1381,1216,,"Warne, R. E.",162nd En.,19-4-17,"Lieut, s.o.s. on trans."
7,305,1295,1250,1331,,"Warxica, R. W.",110th En.,14-2-18,Lieut .-A/Capt.
7,307,1444,1383,1476,,"Warreli., W. L.",139th Bn.,13-8-17,"Lieut, w. 5-9-17. s.o.s."
7,306,1638,1379,1670,,"Watt, F. J.",111th Bn.,23-11-16,"Lieut, w. W-12-16."
7,305,1721,1377,1758,,"Wells, N. L.",6Sth Bn.,2-4-16,Lieut. Subs. Capt.
7,306,1842,1375,1874,,"Wickson, E. A.",4th C.M.R.,Nil,Lieut. s.o.s. 21-1-15.
7,307,2038,1377,2073,,"WILLOUGUET,",Sord Bn.,2-8-16,Major. .s.o.s. 5-2-17.
8,499,351,2666,393,,Orijr.n:.'.,Joined,,,,OFFICERS AND LIEN
8,240,394,1282,430,Name,Orerscir,4ti: C.M.R.
8,186,480,1366,517,"Davis, H. C.",c.a.m.c,-17,Major. M.O. Ceased to be at¬
8,184,556,1366,592,"Davis, W. II.",ISStb Bn,15-2-17,Ilcn. Capt. Chaplain. Killed
8,183,631,1364,666,"Forsyth, W.",c.a.v c.,Nil,Capt. V.O. in Canada. Subs.
8,182,706,1364,740,"Kepeuf.k, C. G.",Chapl_.n,1S-2-,lion. Maj. Chaplain. Ceased to bo
8,877,810,2971,846,,,,War for valuable services ren¬,,"Aleesetuv, J. S. 227th Bn. 21-12-17",IC038SS,,Fte. s.o.s. 20-3-19.
8,875,847,3046,888,,,,dered during the war.,"404GS0 Abeiss, F.",,35th Bn. 25-3-16,,"Pte. iv. 5-6-16, 27-8-18."
8,1827,921,3048,957,,,,,"109183 Abbott, A. J.",,4th C.M.R. 24-10-15,,"Pte. S.S.M., s.o.s. 30-"
8,878,997,2971,1038,,,,p. of xc. 2-6-16. rep. 17-2-1S.,"3107162 Aeectt, C. D.",,1st Bn. 2nd 20-9-18,,Pte. s.o.s. I5-S-10.
8,1825,1069,3048,1103,,,,,158512 Ales. J.,,Slst Bn. 29-6-16,,A./Cpl. Cpl. tr. 25-7-10
8,182,1189,1364,1224,"Pilcher, J. W. C.A.I.!.1",,2-6-16,Capt.-Maj. M.O. Ceased to be at¬
8,183,1302,1364,1335,"Scctt. V,’. H.",c.a.i.:,S-S,Major. M.C. Ceased tc be at¬
8,875,1331,3046,1366,,,,tached 21-2-17. M.C.,67C071,"Aceesc::, N. II.",166th En.,21-1-17,Pte. A./Sgt. s.o.s. 20-
8,531,1405,3045,1441,,CL-Iaie,,be attached 10-2-10.,82S233,"Acrc::, J. E. G.",147th En.,22-4-17,Pte. Trann. Bde. T. U.
8,878,1518,3044,1552,,,,No. 2. C.C.S. 15-2-15. D.A.D.,727550,"An air, II. M.",110th Bn.,10-4-17,Pte. Cpl. s.c.c. 20-3-10.
8,879,1555,3043,1590,,,,M.S. 2-7-15. A.D.M.S. 10-5-16.',727760,"Adaip., J. W.",110th Bn.,10-4-17,Pte. iv. 23-10-17. s.o.s.
8,879,1630,2967,1668,,,,"Med. Servs., C.E.F. 16-1C-1C to",401741,"Adaip., P-.",33rd Bn.,7-6-16,Pte. s.c.s. 23-4-20.
8,880,1666,3042,1702,,,,1-1-17. C.A.M.C. Franco 3-3-17.,8390GS,"Adair., W. I.",147th Bn.,22-4-17,Pte. Cpl. s.o.s. 20-3-19.
8,878,1705,2949,1745,,,,"Senior M.O., C.F.C., E.Q.,",602301,"Aeaiis, C. R.",34th Bn.,7-3-18,Pte. s.o.s. 5-5-19.
8,877,1742,2966,1782,,,,"France, 15-4-18, and graded as",835314,"AnAiia, II. J.",146th Bn.,3-11-16,Pte. s.o.s. 30-3-19.
8,877,1778,3042,1818,,,,"a A.B.M.C., II.Q., 20-1-1S.",157511,"Aea-5, J. II.",Slst Bn.,29-6-10,A./Sgt. A.C.S.M. to.
8,1820,1854,3042,1888,,,,,649257,"Adahs, N.",159th Bn.,22-4-17,"Pte. w. 20-10-17, 21-"
8,1821,1928,2989,1964,,,,,401555,"Aslet, E, P.",33rd Bn.,7-6-16,Pte. Killed 15-9-16.
8,1822,1965,3019,2001,,,,,4007SS,"Ages, V7.",33rd Bn.,7-6-10,Pte. Killed 15-9-10. ■
8,1803,2003,2967,2039,,,,,3040010,"Aaius, C.",1st Bn. 1st,20-10-18,Pte. s.o.s. 14-5-19.
8,1822,2077,3042,2114,,,,,157529,"Agla.vd, T. H.",Slst Bn.,7-6-16,Pte. Cpl. c. 23-8-17.
9,185,177,1393,212,R.'Z. Xo. Name,,< >vcr?c.-.s,Battalion,Regimental Rocor.J.
9,1932,198,3055,230,,,,,,*\0,Cu ..v. .....,lj.. it:.- Regime rto: Reeord.
9,204,265,1963,306,1<X>191,Aickex. J.,4rh C.M.R.,24-11 -15,Pte. s.o.s. 20-1-19.,( <\ -C < (*
9,1999,283,3007,316,,,,,,"Alton, E. I..",146th Bn.,1-12-10 Pte. s.'..! '-10-19.
9,202,303,1422,333,8 IS'.'>25,Ainsworth. II. F.,117th Br..,22-1-17,"Pte. tr. 7-9-17. s.o,*,-."
9,1997,321,3085,354,,,,,,"Alton, V,'. B.",4th C.M.R.,"24-10-1.* r \ A/C.?.!!, tr. 13-"
9,181,378,1348,410,3107416,"Albert, A.",1?' Bn. 2nd,29-9-18,Pte. s.o.s. 15-6-19.
9,1864,395,3082,429,,,,,,727717,".Ament, V.'. K.",110th En.,"22-4-17 Pte. comm,"
9,203,453,1357,484,2992G7,"Ai.dcroft, J.",C.F.C.,4-10-IS,Pte. Died 24-10-1S
9,1862,469,3063,503,,,,,,4006.97,Amos. F,33rd Bn.,26-5-1*1,Pte. d. rf ■- ’ M0-lt5.
9,180,490,1344,521,£036992,"Alderman, L. E.",1st Bn. 1st,4-I1-1S,Pte. s.o.s. 20-3-19.
9,1865,507,3081,539,,,,,,100196,"Anderson, D.",4th C.M.R.,24-10-15,Pte. L Cr'. Killed 26¬
9,205,565,1422,596,171018,"Ai.derson, V,'.",83rd Br..,7-G-16,"Pte, w. 16-9-16. s.o.s."
9,1863,582,3025,612,,,,,,15S032,"Anderson, F.",Slst Bn.,7-6-16,Pte. Killed 16-9-16.
9,1861,620,3040,650,,,,,,"8354,' 3",Vveerscv. F. «I.,146th En.,3-11-16,Pte. d. o’ 13-5-17.
9,201,639,1423,673,159736,"Aldred, F. Wm.",Slst Br..,29-6-1G,Pte. Cpl. w. 2-10-16.
9,1843,657,3077,688,,,,,,3105 * ±4,"Anderson, El. E.",2nd C.O.R.,25-9-1S,Pte. Trar.s. 20th En.
9,199,713,1422,744,S3S003,"Alexander, R. 0",",147th Br.",27-9-17,Pte. w. 31-10-17. s.o.o.
9,1859,769,2985,800,,,,,,2S5520,"Anderson, K. K.",220th Bn.,30-3-1S,Pte. s.o.s. 6-4-19.
9,186,787,1421,819,1066944,"Alexander, V,'. A",",.24Sth Br,",9-11-17,Pte. w. 30-12-17. s.o.s.
9,1859,806,3080,837,,,,,,S38470,"Anderson, IT.",147th Bn.,21-1-17,Pte. tr. 23-5-1S. s.o.s.
9,185,862,1346,893,o032005,"Allan, A. R.",1st Br.. Is:,29-10-18,Pte. s.o.s. 30-3-19.
9,1860,880,3080,915,,,,,,113057,"A.XDERSON, J.",Sth C.M.R.,29-1-16,Pte. Sgz. it. 17-1-17.
9,205,936,1349,968,109182,"Allan, G. T.",4th C.M.R.,23-12-15,Pte. Killed 2-6-16.
9,1842,955,3078,990,,,,,,111006,"Anderson, J. A.",6th C.M.R.,2-1-LC,Pte. p. of 20-7-16.
9,182,973,1345,1004,3 L^-*610 0,"Allan, W. M.",1st Bn. 1st,29-10-18,Pte. s.o.s. 20-3-19.
9,202,1048,1345,1079,844027,"Alldred, J.",149 th Bn.,23-5-18,Pte. s.o.s. 20-3-19.
9,1856,1066,3001,1097,,,,,,C48020,Anderson' J.,159th Bn.,17-6-17,Pte. s.o.s. 20-3-19.
9,206,1085,1418,1119,113054,"Allen, A. V. E.",Sth C.M.R.,29-1-16,Pte. p. of is. 20-7-16.
9,1855,1103,3077,1135,,,,,,510542,Anderson. J.,C.A.S.C.,22-2-18,Pte. tr. 2*-S-25. s.o.s.
9,1855,1177,3078,1209,,,,,,654415,Anderson. J. G.,161st Bn.,29-5-IS,Pte. tr. 7-13-18. s.o.s.
9,201,1196,1417,1230,SS-S-0^33,"Allen, A. W.",147th Bn.,8-2-17,Pte. A/Sgt. s.o.s. 20-3-19
9,184,1233,1341,1265,1012646,"Allen, A.",C.F.C.,4-10- IS,Pte. s.o.s. 30-3-19.
9,1855,1251,2642,1279,,,,,,636921,Anderson. J. X.,155th Bn.,29-11-19
9,203,1270,1417,1303,1723S9,"Allen, C. X.","S3rd Bn,",7-0-10,Pte. w. 23-9-16. s.o.s.
9,1838,1325,2997,1356,,,,,,1003028,Anderson-. Z,227th Bn.,5-10-17,Pte. s.c.s. 2^-3-19.
9,200,1344,1416,1376,229302,"Allen, G.","146th Br,.",1-12-16,Pte. w. 12-4-17. s.o.s.
9,1854,1362,2979,1394,,,,,,144212,"Anderson, T.","77tii Bn,",16-3-16,Pte. s.c.s. £-4-18.
9,1852,1402,3073,1432,,,,,,riiyj. i Ou,o3ra L*n.,7-G-IG,Pie. t7. 8-l>13. s.o.s.
9,200,1419,1414,1453,401702,"Allen, J.",33rd Br.,7-6-16,Pte. Cpl. s.o.s. 29-3-19.
9,200,1456,1345,1488,113055,"Allen, L.",Sth C.M.R..,29-1-16,Pte. Killed 2-6-1G.
9,1851,1473,3075,1505,,,,,,835143,Andrews. A.,146th Bn.,3-11-lG,Pte. «>. a;.:. 14-3-17.
9,202,1493,1414,1525,159020,"Allen, N.",Slst Bn.,7-0-10,Pte. tr. 5-10-16. s.o.s.
9,1851,1548,3075,1586,,,,,,835184,"Andrews, X.",146th Bn.,"Pte. -. 14-4-17,"
9,197,1567,1405,1604,109193,"Allen, P. W.",4th C.M.R.,24-10-15,"Pte. p. of w. 2-6-16, rep"
9,1852,1622,2985,1654,,,,,,109197,"Andrews, P.",4th C.M.R.,24-10-15,Pte. s.o.s. 5-5-19.
9,203,1642,1412,1677,111005,"Allen, T. \V.",0th C.M.R.,2-1-16,Pte. p. of w. 20-7-16.
9,1834,1660,3003,1691,,,,,,1006647,"ANDREWS, P. i ..",1st Bn. 1st,29-10-1S,Pte. s.o.s. 19-3-19.
9,1851,1734,2985,1767,,,,,,109198,"Andrews, R. II.",4th C.M.R.,24-10-15,Pte. s.o.s. C-3-19.
9,202,1754,1398,1787,15‘Joi2,"Ali.en, II. G.","Slst Bn,",29-6-16,Pte. Sgt. s.o.s. 8-9»i0.
9,1851,1772,3074,1808,,,,,,113060,Sth C.M.R.,29-1-13,Pte. ti.'. c..._. p. of u).
9,197,1791,1412,1823,'Si>234,"Allen, W. G.",147th En.,8-2-17,Pte. w. 29-10-17. s.o.s.
9,198,1866,1321,1898,751666,"Ar.LF.MAXG, II. M.",1 ISth En.,29-5-1S,Pte. s.o.s. G-4-1S.
9,1831,1884,3074,1915,,,,,,41003G1,"Andrews, V. . J.",2nd Bn. 1st,20-6-iS,Pte. tr. 30-8-IS. s.o.s.
9,176,1903,1411,1935,S2910G5,"Allin, C. T.",2nd En. 1st,5-0-1S,Pte. tr. 30-S-1S. s.o.s.
9,1850,1959,3073,1993,,,,,,113061,"Angel, M. R.",Sth C.M.R.,29-I-1G,Pte. Missirc presumed
9,200,1977,1410,2010,171272,"Allin, C. F. L",83rd Bn.,29-7-16,Pte. w. 29-1-16. s.o.s.
9,1848,2034,3030,2065,,,,,,648025,"Angus, C.",159th Bn.,22-4-17,Pte. s.o.s. 20-3-19. '
9,200,2052,1409,2085,109194,"Allum, F.",4th C.M.R.,24-10-15,Pte. w. 3-6-16. s.o.s.
9,1882,2072,3072,2105,,,,,,4562,Ansett. J.,4th C.M.R.,Canada only. Pte.
10,196,91,3118,133,IT:,•Jrn ('AX/.,,’—m:,RIFLES,,,"c:::::"":, x.c.c.:"" a:::: mi::; it?"
10,192,157,3120,191,A r:,r. I,,,,,,,.Vrrr.r.-M:;. I.
10,192,231,1999,264,...,Ni'.mo,Ov!T?™^,,Regimental Record.,-V<‘
10,348,304,3130,350,,Axtli:::. G. F.,1st Bn. 1st,oo 7 rs *,Pte. s.o.s. 20-3-19.,:::::o,"Ar.^Toiu, B.",C >I ^,pt*. p. c; ^ 2-c-ic.
10,227,388,1435,420,■: . '.'C,ArLix. E. 0.,120th En.,,"Pte. u\ 29-8-18, s.o.s"
10,2336,413,3060,440,,,,,,,,155th Ba.,20-11-16,Pte. s.o.s. IS-3-18.
10,1902,451,3065,484,,,,,,",-x«n","Ar.r/.::, V7.",99th Bn.,f-,P-CO. S.O.C. 16-5-19.
10,346,462,1445,493,,"Armx, II. N.",147th Bn.,t“O'ii,"Pte, vs. acc. 2G-5-17."
10,2045,487,3120,516,,,,,,,A^TiT,220th En.,2S-5-1S,"L. C-:h s.o.c. 30-2-19,"
10,2042,524,3070,558,,,,,,,"As-i—, V7. A.",140th Bn.,c-ll-l'---,Pis. s.o.c. 27-3-19.
10,188,531,2005,574,c.,"Aitolonet, P.",1st En. 2nd,20-°-” ^,"Pte., vs. 2S-I0-1S. s.o.s.",£22722
10,2042,562,3074,595,,,,,,,"A=z"".'..v, J. L.",1st En. 1st,23-1C-1S,Fto. s.o.c. 2C-2-10.
10,343,610,1379,642,,"Ap.bic, V.",154th Bn.,29-1I-1G,Pte. Killed 3-6-17.
10,1906,637,3150,669,,,,,,422373,"Ashton, A. I-L",33rd En.,t -L’-,Flo. tr. 23-3-1S. s.o.s.
10,342,648,1448,684,,"Arbour, F.",I5Cth Bn.,17-C-17,"Pte. Sgt. s.o.s. 19-3-19,"
10,204,711,3156,754,fe-sXO,"Arcane, P.",159th Dn.,17-C-17,Pte. s.o.s. 20-3-19,A. ^,"Asht'ohth, J. II.",4th C.M.R.,21-10-1=:,Fte. Ls^t. Killed 1 -
10,341,759,1449,796,,"Archer, G. E.",4th C M P.,24-10-15,Pte. p. of iv. 2-6-16.
10,2049,786,3160,819,,,,,,,"Askew, A. Wm.",81st Bn.,7-6-16,Pte. A,-Sgt. tr. 23-9-16.
10,1912,860,3164,893,,,,,,£25022,"Asselstine, S.",14Gih Bn.,3-11-13,PlS.,d. cf vs. ccc. ra¬
10,340,872,1359,905,,"Ar.CHEH, I. Ii.",Dep. Rgt.,S-ll-17,Pte. s.o.s. 8-2-19.
10,2181,889,3044,925,,,,,,,,,csiv,id 27'-5-17.
10,884,935,3170,976,,,,20 ^ c,,630551,"Asselstime, T.",155th Bn.,29-11-10,Pto.,vs. 1S-9-18. s.o.s.
10,340,947,1379,979,,"Archibald, V. D.",15-1 Bn.,,Pte. s.o.s. 30-5-18.
10,234,985,1453,1023,■427 j,"Aedkon, F. I.",4th C.M.R.,,Canada only. Pte.
10,2059,1011,3103,1044,,,,,,,"Aston, A.",38th Ba.,24-10-15,Pte.,s.o.s. 23-5-19.
10,884,1048,3125,1082,,,,on * ?,,,"Aston, R. T.",Slst En.,29-C-13,Pte.,lulled 1-10-lG.
10,338,1060,1453,1098,,"Arlington, E.",Sth C.M.R.,,L./Cpl. Cpl. vs. 9-4-16.
10,1920,1087,3119,1119,,,,,,AioUln,"ASTIilDGE, 3. 1.",Sth C.M.R.,25-1-aG,Fie.,Killed l^-E-13
10,1919,1124,3130,1157,,,,,,4C12S5,"Atchison, C. 11",33rd En.,8-5-1C,Pte.,"Kil’od 23-9-13,"
10,1921,1163,3184,1195,,,,,,17241V,"ATnERniiT, F.",83rd En.,23-7-13,Flo.,"vs. 22-1-17, 21-2-"
10,199,1174,1454,1208,I -4-5,"Ariiitage, A. R..",Slst En.,29-C-10,Pte. vs. 16-9-16. s.o.s.
10,1923,1239,3178,1271,,,,,,il/OUL/A,"Atherton, B.",81st Ea.,7-6-16,Pto.,tr. 25-1-17. s.c.s
10,198,1251,1454,1288,14-412S,"Akuouu, C.",77th Bn.,16-3-16,Cpl. S.S. 21-9-16. s.o.s.
10,885,1315,3195,1356,,,,2 ■■ ir.,,100205,"Atkins, F.",4th C.M.R.,Eng. C2.lv. Pte. s.o.s.
10,335,1328,1456,1367,,"Armstrong, II.",6th C.M.R.,,Pte. Trans. Div. Sig.
10,1930,1391,3108,1426,,,,,,1130C5,"Atiiiks, Xi.",Sth C.M.R.,20-1-13,Flo. s.c.s. E-7-1C.
10,176,1404,1384,1438,3032:44,"Ap.irsTr.oNG, H.",1st Bn. 1st,20-ic-i:,Pte. s.o.s. 23-3-19.
10,1931,1430,3129,1463,,,,,,iWi'O « A,"Atiiindgn, G. X",*. Slst En.,iric-. s.c.s. 23-0-15.
10,2075,1469,3204,1503,,,,,,,"AtIIINSOI*, \ i .","4th C.M.R,.",X >_.* . 1,FiO. Cpl. S.C.C. 23-3-10.
10,195,1482,1457,1520,-,"Armstrong, J. G.",£3rd En.,22-7-13,L./Cpl. Cpl. vs. 23-10-
10,1931,1508,3206,1542,,,,,,I'jUJOO,ATHI27SONj \v 11.,"J, uUlll 3u.",Z-i.- 1.VJ,"Pte. Trans. Edo, Ll.G."
10,193,1559,1459,1598,3,"Armstrong, J. K.",4th C.M.R.,24-1C-I5,Pte. S.Q.M.S. s.o.s. 30-
10,2080,1625,3140,1658,,,,,,,"Atkinson, X<\ )",M. 1st Bn. 1st,2 u~ iVj- i.,i^i.0. s.o.s. ^iy-o-i.9.
10,191,1636,1460,1673,633:-::,"Armstrong, J. II.",154tli Bn.,29-11-16,Pte. vs. 27-S-18. s.o.s.
10,1937,1703,3220,1736,,,,,,408302,"AlTiVCOI), 1.1.",SSta Bn.,2-i-lO-i,Flo. Missive. presnai-
10,191,1714,1405,1751,1833:.;,"Armstrong, R. M",",91st Bn.",28-10-13,Pte. s.c.s. 14-11-18.
10,190,1754,1462,1798,i::;:;,"Armstrong, R. T.",Gth C.M.R.,2-i-lG,Sgt. C.S.M. vs. and p.
10,1940,1781,3226,1816,,,,,,491321,"Acdaep., G.",33rd Bn.,7-G-IG,Fie. xss. 4-1C-16. s.o.s.
10,1923,1860,3156,1895,,,,,,3030031,"Augustine, 0.",L. 1st Bn. 1st 29-IG-iS,Fte. s.o.s. 20-3-19.
10,186,1873,1411,1910,SZTCVZ,"Ar.iIS7T.0NG, T. J.",145th Bn.,1G-8-17,Pie. Killed 16-9-18.
10,185,1913,1463,1950,d*\J-,"ARiIoTRCNG,\v .V, .",65th Bn.,3-11-lG,Pte. s.o.s. 11-3-18. Un¬
10,1946,1940,3236,1975,,,,,,113006,"Austin, F. .Lj.",Sth C.M.R. 2G-I-1G,Pte. p. of vs. 12-S-1S.
10,184,1993,1461,2035,20113:,"Arnold, A. E.",95th Bn.,3-11-lG,"Pte. vs. 2G-8-18, 2-10-"
10,1929,2058,3198,2098,,,,,,3033327,"Austin, V. F.",1st Bn. 1st 20-13-1:,Pxe. s.o.s. 20-3-19. _
10,184,2073,1413,2111,isnrii-,"Arnett, A. I.",Slst Bn.,7-G-IG,Pte. Killed 24-7-1G.
10,326,2114,1417,2155,,"Ap.no, K. F.",4th C.M.R.,24-1G-15,Pte. d. of vs. 2-5-IG.
10,182,2147,3250,2193,ion.::,"Ap.nold, A.",4tii C.M.R.,24-lC-Io,Pte. w. 10-4-17. s.o.s.,113068,"Avon, X,:.",8t'u C.M.R. 20-1-16,Pte. sS. 12-5-16. s.o.s.
11,638,149,1367,181,,,Overseas,P...V,Regimental Record.
11,1866,169,3086,209,,,,,,Reg. Xo.,Name,Oversea,r>:itia!ior:,R,cjr.r.'.or.tal Uc.'.'r-i.
11,326,234,1328,268,,; • -• x.c.,‘20-1 th Bn.,io-~,Pte. s.o.s. 20-3-19.
11,167,254,3043,290,o’O'; .,,,,,3235634,"Ball, M. C.",1st Bn. 1st,29-10-18,Pto.
11,620,274,1309,301,,,1st Ifcj. 2:.'.:,iso :f,Pte. s.ns. 4-7-lfl.
11,278,327,3043,363,,-,,,,107S755,"Ball, V.'ai.",5th Pnr. Bn.,2S-2-IS,P-e.,s.o.s. 24-8-19.
11,323,339,1397,375,,F-'.r ir. E.,155th Br.,20-::-:6,Pte. u\ 23-11-17. s.o.s.
11,1885,363,3082,402,,,,,,109239,"Balmee, J- F.",4th C.M.R.,"24-10-15 ,",;s-,lulled 26-11-15.
11,186,401,3062,438,"SSf,:\- *",,,,,49112S,"Bals»e>:, G. R..",33rd En.,7-6-16,Vte.,Killed 5-11-1S.
11,323,413,1327,450,,E • ; : J. A.,346th Bn.,3-n-:-',Pte. s.o.s. 29-7-19.
11,189,439,3041,475,i. r*-'.,,,,,637033,"BAMBLr., J. V,'.",235th Bn.,2S-2-1S,Pte.,s.o.s. 19-3-10.
11,323,458,1326,488,,"r,rVT. A.",126th Bn.,22-F-:?,Pte. s.o.s. 21-3-19.
11,185,475,3100,513,K.’.-r.,,,,,158544,"Banks, J. R.",Slst Bn.,7-6-16,Pte.,L Cpl. w. 1-10-10
11,324,493,1395,524,,"O V,'. J.",146th Bn.,,Pte. it. 11-11-17. s.o.s.
11,188,551,3039,588,ii:-— -,,,,,3231036,"Banks, EL",2nd Bn. 1st,20-6-1S,Pte.,s.o.s. 20-3-19.
11,322,562,1347,601,,Easinia'-. J. B.,oth,2-1-1?,Pte. Killed 1-10-16.
11,322,600,1324,639,,E-c;n;. A.,2nd Bn. 1st,o-6-i t1,Pte. s.o.s. 20-3-19.
11,1865,626,3041,662,,,,,,3033S25,"Bannep., F. C.",1st Bn. 1st,12-S-1S,Pte.,s.o.s. 14-5-19.
11,472,681,1324,712,,,68th Bn.,is-:-:s,rte. s.o.s. 31-1-19.
11,183,700,3040,736,633';:;;,,,,,30401S3,"Banning, C. R.","1st Bn, 1st",29-10-1?,Pte.,s.o.s. 31-5-19.
11,323,720,1392,749,,- -J :’cy. A.,154th Bn.,"20-1""",Pte. v. 17-4-18. s.o.s
11,185,775,3039,810,171C:',,,,,32346S7,"Baxnistep., H.",1st Bn. 1st,29-I0-IS,Pte.,s.o.s. 30-3-19.
11,459,794,1324,824,,,83rd Bn.,29-7-10,Pte. s.o.s. 14-5-19.
11,323,831,1323,862,,": ■ •...'"" I.",1st Bn. 2nd,1S-9-IS,Pte. s.o.s. 17-5-19.
11,1884,848,3100,885,,,,,,159031,"Bap.agep., W. J.",81st Bn.,7-6-16,Pte.,Set. s.o.s. 17-2-19
11,184,885,3100,922,40:^-,,,,,109210,"Bap.ee3, A.",4th C.M.R.,24-10-15,Pte.,ir. end p. of tr
11,322,905,1345,936,,r-ii'Af/.i. H.,33rd Bn.,7-6-16,Pte. Killed 2-10-16.
11,321,943,1343,972,,r-Ai:.r--- A. M.,Slst Bn.,7-6-16,Pte. Killed 1-10-16.
11,321,978,1323,1010,,EAt..r. M.,147th Bn.,22-4-17,Pte. s.o.s. 20-3-19.
11,165,996,3110,1036,303‘j;:-,,,,,83800S,"Bap.eef., P.",147th Bn.,7-3-17 Pte. tr. 23-4-17. Trans.
11,320,1013,1321,1048,,Ea::.T’! P.. V.,1st Bn. 1st,29-10-IS,Pte. s.o.s. 20-3-19.
11,611,1092,1390,1122,,,159th Bn.,ip-ie-;7,Pte. w. 9-11-17. s.o.s.
11,1884,1107,3111,1144,,,,,,109211,"Bardep., YT.",4th C.M.R.,24-10-15 Pte. L 'Col. p. of tr.
11,318,1162,1391,1199,,Sakhl B.,4th C.M.R.,,"Pte. Trans, to R.II.A.,"
11,1866,1220,3038,1254,,,,,,106601S,"Bap.clat, E. A.",248th Bn.,9-11-17 Pte. s.o.s. 20-3-19.
11,318,1238,1391,1270,,"I ai.t.t., E. M.",146th Bn.,i-12-i?,Pte. iv. 4-11-18. s.o.s.
11,1864,1257,3021,1292,,,,,,30330P6,"Bapjjessono,",1st Bn. 1st,20-G-1S Pte. s.o.s. 0-7-1S.
11,164,1309,1320,1345,321032:,Eat.;-.:.. p. L.,1st Bn. 2nd,is-o-:s,Pte. s.o.s. 19-3-19.
11,1882,1331,3045,1364,,,,,,636416,"Bapjjv, A.",155th En.,29-11-16 Pte. s.o.s. 16-1MS
11,1884,1368,3109,1403,,,,,,158042,"Bailffogt, T. J.",Slst Bn.,"29-6-10 A. L, C?!.Sgt--W.5-1C-1S."
11,184,1387,1390,1422,"15?,7"":",E.‘.I.T.7. J. F.,81st Bn.,7-6-17,"Pte. Granted ccmm.,"
11,1881,1442,3107,1478,,,,,,636541,"Eap.iiek, A. E.",155;h Bn.,20-11-16 Pee. i:. C-C-17. 4.5.;'.
11,181,1462,1389,1499,83823:,,147th Bn.,7-3-17,Pte. Cpl. s.o.s. 19-3-19.
11,181,1500,1388,1530,S3S4S:,,147th Bn.,17-2-17,Pte. w. 5-9-17. Trans.
11,1876,1514,3058,1548,,,,,,•835510,Rap. Km. II. E.,146th Bn.,1-12-16 Pte. lulled 7-1C-IS.
11,1884,1552,3036,1588,,,,,,109102,"Barker, I. E.",4th C.M.R.,24-1C-15 Pte. s.o.s. 20-3-19.
11,1883,1590,3019,1625,,,,,,113072,"Bap.lev, J. V7.",Sth C.M.R.,29-1-16 Pte. s.o.s. 2-1-19.
11,180,1614,1316,1642,S3S2,S a:.tx v.. G.,147th Br..,7-3-17,Pte. s.o.s. 12-7-19.
11,1884,1625,3109,1662,,,,,,113073,"Barley, S. J.",Sth C.M.R.,29-1-10 Pte. tr. end p. oj v>.
11,179,1651,1385,1680,6902:6,EAi.r.r. F.,173rd Bn.,1S-9-IS,Pte. w. 8-11-18. s.o.s.
11,162,1725,3038,1772,1036C2::,"Eii.rrv-.L,C.E.II.238th Bn.",,4-10-16,Pte. s.o.s. 19-3-19.,1004140,"Barnard, H. R.",227th Bn.,9-11-17 Pte. s.o.s. 29-3-19.
11,178,1762,3078,1808,6024 S',Ei'-j.'civ. A. E.,34th Bn.,20-C-1S,Sgt-. s.o.s. 20-3-19.,727732,"B.'-r.Nn.'-r.DT, D. N.",. 110th Bn.,22-4-17 Pee. Killed 20-10-17.
11,179,1800,1316,1830,1:102;,E.Ajr.'ctx. E. G.,F.6th C.M.R.,2-1-16,Pte. Killed 2-6-16.
11,1860,1809,3108,1846,,,,,,3107430,"Barnhart, II.",1st Bn. 2nd,21-9-1S Pte. ir. 23-10-18. s.o.s.
11,179,1837,2874,1870,io:-.r,,4th c.m.r.,24-10-15,Pte. Killed 2-6-10.,,,,,5-4-19.
11,176,1875,3111,1921,8355’li',Sal-:. Ji. E.,146th Bn.,1-12-16,Pte. s.o.s. 28-3-19.,73907S,"Barnes, E.",114th Bn.,"29-12-1C Pte. Trans C.A.M.C.,"
11,176,1912,3090,1944,6483.''.',E.Un. E.,159th En.,17-6-17,Pte. k.w.a. 26-8-18.,,,,,4-11-17. s.o.s. 6-4-13.
11,177,1950,3037,1985,ns;;r:,"E.ua., E. M.",Sth C.M.R.,29-wO,Pte. s.o.s. 28-3-19.,,,,24-10-15 Pee. s.o.s. 20-3-19.
11,1884,1962,2495,1995,,,,,,109212,"Barnes, F.",4th C.M.R.
11,175,1987,3072,2023,8355T6,"z* ■ - * .,. * L.",146th Bn.,1-12-10,Pte. d.ofw. 12-4-17.,,,,"28-S-16 Pte. tr. 18-10-10,"
11,1882,1999,2448,2034,,,,,,213995,"B '.;:ne.:, R. II.",90iii Bn.
11,175,2025,3108,2056,M4!:.:.,,139th Bn.,23-12-10,Pie. w. 0-9-i7. s.o.s.,,,,,2S-10-17. s.o.s. 14-5-13.
11,1879,2074,2468,2108,,,,,,-92SS37,"Barnet, J. D.",153rd Bn.
12,139,160,1348,195,Reg. No Name,Overseas,Battalion,"Regimental Record,"
12,2075,174,3042,205,,,,,,,Overseas,Battalion,Ite icr.a' P. o rord.
12,160,247,1378,281,"15£?0>*' Barnhart, L. W",Slst Bn.,7-C-16,Pte. Sgt. Killed 11-1-17.
12,1852,259,3003,295,,,,,2:i:'3,"I1eai.es, J. C.",99th Bn.,2S-10-16,Pte. .?.(j.c. 10.
12,158,286,1307,315,"214020 Parr, E.",99th Bn.,22-9-10,Pie. s.o.s. 10-3-10.
12,1855,296,3077,332,,,,,U'C2M,"Eeakdall, II.",4th C.M.E.,21-10-15,Pt2. Vf. 1- 9 ■ 10. S.O.S.
12,158,323,1378,357,"83S0ZC Barrett, A. II.",147th Bn.,23-9-17,A/Cpl./A/Sgt. s.o.s.
12,1852,371,3003,406,,,,,"£.""£014","Beare, W. J.",147th Bn.,7-3-17,P ) 31-3-18.
12,158,398,1306,426,8382-5$ Barrett. V.'. G.,147th Bn.,27-9-17,Pte. s.o.s. 26-7-10.
12,1854,405,3006,442,,,,,moss,"Beasley, A.",Sth C.M.R.,20-1-16,Fw.‘ Killed 2-6-16.
12,159,435,1378,468,"100213 Barrington,",4th C.M.R.,,Eng. only. Pte. s.o.s.
12,1851,445,3001,480,,,,,£357-15,"Beasley, R. G.",148th Bn.,3-11-16,Pte. s.o.s. 23-3-10.
12,160,510,1376,543,"113074 Barkov.-, C.",Sth C.M.R.,20-1-1C,Pte. p. of tr. 20-7-16.
12,1851,518,3023,553,,,,,82S72S,"Beaton-, R. J.",147th Bn.,7-3-17,Pte. Killed 4-1C-1S.
12,1854,556,3002,590,,,,,100215,"Beacfort, G. F.",4th C.M.E.,24-10-15,Pte s.o.s. 23-3-10.
12,1834,594,3077,627,,,,,3333223,"Beaulieu, P.",1st Bn. 1st,5-6-IS,Pcs. 29-8-1S. s.o.s.
12,140,622,1305,654,"10991 S3 Barry, E. J.",1st Bn. 1st,20-10-18,Pte. s.o.s. 19-3-19.
12,1853,666,3077,700,,,,,1CC21C,"Beaumont, A.",4th C.M.E.,24-10-15,Pte. Granted Comm.
12,159,696,1326,728,"113075 Barry, J.",Sth C.M.R.,20-MG,Pte. Killed 31-3-16.
12,157,733,3076,776,"4311-'! Barter, F. C.",Bil.,2-MO,"Pte. Cpl. Missing, pre¬",I72G07,"Eeave:;, V,’:,;. C.",83rd Bn.,29-7-16,Pte.Cn: Kill’d26-10-17.
12,1853,779,3075,812,,,,,112177,"Bechill, C. C.",7th C.M.E.,2-12-15,Pte. Ce-1. Killed 9-10-18.
12,156,807,1374,840,"4911G3 Eartlett, W.",33rd Bn.,7-6-16,Pte. to. 18-9-16. s.o.s.
12,1851,815,3042,849,,,,,83550G,"Beck, T.",146th Bn.,3-11-16,Fte Killed 25-10-17.
12,1035,847,3078,886,,,,31-3-18.,157537,"Beckett, C. II.",81st Bn.,29-6-16,Pte. 5-10-16. s.o.s.
12,158,882,1373,915,"110376 Bartley, A. E.",Sth C.M.R.,29-MC,Pte. tc. and p. of is.
12,1037,922,3080,955,,,,10-8-16. rep. 27-12-18.,1130S3,Beddie. G.,8th C.M.R.,29-1-16,Pte. tr. 29-10-17. s.o.s.
12,155,994,3004,1033,"4910SS Barton, T.",33rd Bn.,7-6-16,Pte. w. 3-1C-16. s.o.s.,109217,"Beedell, C. A.",4th C.M.E.,24-10-15,Pte. s.o.s. 10-3-10.
12,1851,1037,3078,1070,,,,,11308-1,"Belaire, I.",Sth C.M.R.,29-1-1G,Pte. Missing) presum¬
12,137,1067,2986,1101,"2501047 Eaetrasi, A. E.",C.A.S.C.,9-S-1S,Pte. s.o.s. 19-3-19.,,,,,ed lulled. 2-0-16.
12,136,1106,3004,1145,"3039553 Basv.'ell,",1st Bn. 1st,23-IC-IS,Pte. s.o.s. 30-3-10.,766761,"Belanger, J.",95th En.,1-12-16,Pte. -'.o.s. 19-3-19.
12,1831,1151,3004,1185,,,,,S107421,"Belanger, V/.",1st Bn. 1st,20-0-18,Pte. s.o.s. 15-6-10.
12,156,1179,1370,1212,"171876 Bassant, S. E. P",S3rd Bn.,21-1-17,Pte. u-. 27-1C-17. s.o.s.
12,1850,1226,3078,1261,,,,,111029,"Belling, E. A.",6th C.M.R.,2-1-16,Pte. L Cpl. Trass.
12,155,1254,1368,1288,"100103 Basterfielb,",4th C.M.E.,24-10-15,Pte. p. cf ic. 2-8-16.
12,1849,1341,3077,1376,,,,,111C30,BelfontainEjJ.J. 6th C.M.R.,,2-1-16,Pte. tr. 16-0-16. s.o.s.
12,153,1366,1318,1399,"1595C9 Batch, E. E.",Slst Bn.,7-6-16,Pte. Killed 16-9-16.
12,151,1403,1947,1437,"273642 Batcstlos, A.",216th En.,2° ° 7 S,Pte. ti1. 20-8-18. s.o.s.,*r\-> -•
12,1849,1417,3076,1453,,,,,iViMUA,"Eell, E. E.",33rd Bn.,7-6-13,"Pte. tr. 7-1C-1S, 2G-C-IS."
12,151,1477,1363,1511,"404618 Eatescn, G. A.",35th Bn.,16-3-16,Pte. p. of to. 20-7-16.
12,1848,1495,3004,1529,,,,,838485,"Bell, A. \Y.",147th En.,22-4-17,Pte. s.o.s. 10-3-19.
12,1848,1535,3077,1569,,,,,8-38884,"Bell, G. A.",147th Bn.,12-5-17,Pte. tr. 23-S-1S. s.o.s.
12,151,1588,1333,1621,"633880 Eattin, P.",154th Bn.,20-11-16,Pte. Killed 23-10-17.
12,1848,1610,3076,1646,,,,,S3823S,"Bell, J.",147th Bn.,7-3-17,Pte-. tr. 5-C-17. s.o.s.
12,132,1625,1291,1659,"3040120 Battle y, J. R. C",1st Bn. 1st,2S-IC-1S,Pte. s.o.s. 11-4-19.
12,1848,1688,3077,1723,,,,,83S905,"Bell, J. C.",147th Bn.,19-10-17,Pte. tr. 15-7-18. s.o.s.
12,149,1700,1292,1733,"2852S2 Easter, J.",220th Bn.,2S-2-18,Pte. s.o.s. 27-1-19.
12,150,1737,1292,1770,"157052 Eayceoft, T. E.",Slst Bn.,28-10-16,Pte. s.o.s. 20-3-19.
12,1849,1764,3007,1800,,,,,669617,"Bell, N.",83rd Bn.,29-7-16,Pte. s.o.s. 12-7-19.
12,148,1776,1361,1805,1580-13 E.,Slit Ba.,7-C-16,Pte. is. 5-K-16. c.c.c.
12,1849,1802,3079,1840,,,,,171591,"Bell, R. J.",83rd Bn.,7-6-16,Pu:-. Died of gaa poi¬
12,147,1849,1362,1884,"401550 Batliss, L.",33rd Bn.,7-6-16,Pte. Sgt. ti. 4-10-16.
12,1025,1880,3079,1917,,,,s.o.s. 21-1-19.,139511,"Bell, W.",35th En.,16-3-16,Pte. ir. 24-4-10.p.ofiv.
12,127,1924,1290,1957,"31070S3 Basket, II.",1st Bn. 1st,25-G-18,Pte. s.o.s. 14-5-19.
12,148,1994,3078,2035,"1130S1 Beadle, L. II.",Sth C.M.R.,29-MC,Pte. p. of vi. 7-9-16.,83S01S,"Bellaht, F. II.",147th Bn.,22-4-17,Pte. tr. 6-C-17. s.o.s.
12,1027,2071,3020,2108,,,,16-1-18.,1001079,"BelleuumeoR, T.",227th Bn.,18-9-18,Pte. s.c.s. 19-3-19.*
13,191,157,2898,196,,,,Joined,  ,Original,,,"Or:p'!’.."".! Joined . .."
13,120,187,2995,227,,,,,"R.eriment:il Record,",F.t- Xe.,Xame,Oversor?,Er.ttr.hr-:,Ovcr.ir:::! DaitaHor. Rcgnm-r.t.:. uoo.m!.
13,631,224,2586,257,,,I'nit,in Field,,,,,rill Fi; !•:
13,122,270,3024,319,310742:,"Beixemare, 11.",If Bn. 2nd,29-9-1?,r;r>. s.o.s. 15-6-19.,,,,Sord Bn. 7-0-16 A/Sgt. C.> M. Killed,17110”',"Bic.cs, A.",G.
13,140,345,2955,393,6333SI,"Beixemere, D. J.",15-Kh Bn.,29-11-16,rte. s.o.a. 14-11-18.,,,,211st Bn. 20-5-18 Pter-yJ.o.o. 13-MO.,"* r-v. r,nr.r)","Biggs, E.",F.
13,140,382,3026,431,2136S5,"Bei.seaw, II. I.",90th Bn.,2S-9-10,Fte. s.o.s. 20-3-19.,,,,Slst Br.. 29-6-16 Pf >• 23-12-16. f.o.s.,159741,"Biggs, M",. II.
13,122,427,1309,467,3105647,"Bender, J.",Is- Bn. 2nd,27-8-18,Pte. Killed 2-10-1 S.
13,612,469,2119,502,,,C.O.R.,,,157015,"Biggs, S.",S.
13,139,502,2164,542,214340,"Bengi.e, T.",99th Bn.,2S-10-M,"Pie. s.o.s. 4-7-19,",171735,Bicnell.,A. G
13,124,540,1268,576,1063159,"Bennett, A.",235th Bn.,22-2-1S,"Fte. s,o.s. 1-4-19."
13,140,567,3027,616,144S46,"Bennett, A. L.",77ch Be.,16-3-16,Fte. s.o.s. 31-7-18.,"1C0220 Baxaoccn, E. I. 4th C.M.E. 24-10-15 Fee. p. of tr. 2-6-16."
13,121,615,1354,654,3032641,"Bennett, J. C.",1st Bn. 1st,20-C-IS,Pte. u\ 12-8-18. s.o.s.
13,141,680,2958,726,1712S0,"Bennett, F.",83rd Bn.,29-7-16,Pte. Killed 1-10-16.,150035,"Billington, S.",,Slst Bn.,7-6-16,Fte. s.o.s. 30-3-19.
13,139,726,2131,763,S35’;i9,"Benson, G. E.",146th Bn.,1-12-ifi,Pte. Killed 26-12-17.,113059,"Billington,"
13,120,754,2975,803,3040121,"Bent, N.",1st Bn. 1st,4-11-1$,Pie. s.o.s. 19-3-10.,,,,,,"Pte. d. of tr. 5-5-17,","V,\ G.",8th C.M.R.,29-1-16
13,607,790,2959,833,,,C.O.R.,,,835639,"Bilton, C. X.",,146th Bn.,3-11-16,Fte. L/Cpl. s.o.s.
13,139,837,1354,877,111613,"Benzie, A.",Sth C.M.R.,2-1-16,Pte. p. of ic. 20-7-16.
13,1019,908,2567,944,,,,,15-3-19.,830054,"Binns, L. D.",,147th Bn.,7-3-17
13,119,950,1355,988,1004241,"Bernard, J.",227th Bn.,2-11-17,Pte. ti'. 9-10-18. s.o.s.
13,1016,977,2945,1018,,,,,15-7-19.,491345,"Bircii, F. «",,33rd Bn.,7-3-18,Pte. s.o.s. S-S-I9.
13,136,1020,2587,1061,637ISO,"Bernhardt, J. E.",155th Bn.,29-11-10,Pte. s.o.s. 12-3-18.,171282,"Birch, R. E.",,83rd Ba.,29-7-16
13,118,1050,2964,1100,3039461,"Bernier, AT.",1st Bn. 1st,29-10-18,Pte. s.o.s. 19-3-19.,1C9221,"Birchell, J.",,4th C.M.R.,24-10-15,Pte. s.o.s. 25-4-19.
13,1811,1087,3033,1129,,,,,,636538,"Bird, F.",,155th Bn.,29-11-16,Fte. ti\ 24-8-17. 4-11-1S.
13,135,1136,1264,1174,633071,"Berp.y, J.",154th Bn.,29-11-16,Pte. s.o.s. 8-4-19.
13,118,1161,3035,1212,30322S7,"Berry, W. T.",1st Bn. 1st,4-9-18,Pte. s.o.s. 20-3-19.,158535,"Birse, V.’.",,Slst Bn.,7-6-16,Pte. Cpl. Kill'd 10-10-16.
13,1813,1199,2966,1240,,,,,,727093,"Bishop, A. G.",,110th Bn.,12-5-17,Pte. s.o.s. 20-3-19.
13,137,1236,2966,1287,104153,"Bertniak, A.",GSth Bn.,18-7-16,Pte. Cpl. w. 1-12-16.,15G650,"Bishop, E. K.",,Slst Bn.,7-6-16,Pta. s.c.s. 31-3-17.
13,1015,1273,2967,1313,,,,,s.o.s. 6-4-19.,63643-1,"Bl-HCP, R. AT.",,155th Bn.,29-11-16,Fte. s.o.s. 23-1-19.
13,117,1310,2969,1361,3037304,"Best, J. T.",1st Bn. 1st,29-10-18,Pte. s.o.s. 20-3-19.,171719,"Bittle, C.",,S3rd Bn.,21-1-17,Sgt. Killed 4-2-17.
13,1794,1348,2967,1387,,,,,,310698-1,"Bl2EK, S.",,1st Bn. 2nd,27-8-18,Pte. s.c.s. 19-3-19.
13,135,1397,1352,1436,898030,"Best, U. H.",192nd Bn.,12-5-17,Pte. L/Cpl. s.c.s. 20-
13,1016,1420,2972,1463,,,,,3-19.,111540,"Black, A.",,6th C.M.E.,2-1-16,Pte. Killed 2-6-16.
13,134,1458,3040,1511,649221,"Bethune, H.",159th Bn.,17-6-17,"Pte. L, Cpl. w. 10-11-18.",3031383,"Blaci:, C. B.",,1st Bn. 1st,5-6-18,Pte. tr. 2-1G-1S. s.o.s.
13,135,1531,2969,1585,401722,"Besterd, W. V.",33rd Bn.,7-6-16,Pte. tr. 13-9-16. s.o.s.,2580990,"Elace, G. M.",,C.A.S.C.,9-8-18,Pte. s.o.s. 20-3-19.
13,1817,1567,3042,1606,,,,,,113091,"Blachbourn,",,8th C.M.R.,2C-1-16,"Pte. p. of tr. 20-7-16,"
13,135,1621,1351,1659,835709,"Beverley, G. F.",14Cth Bn.,3-11-16,Pte. tr. 1-1-17. _ s.o.s.
13,1956,1678,3042,1717,,,,,,,"Blackford, A.",,33rd Bn.,8-5-16,"Pte. iv. 3-6-16,17-8-16."
13,133,1694,1350,1734,406672,"Bev.-ley, W. M.",Soth Bn.,22-10-15,Pte. A Cpl. C.M.G.C.
13,1818,1753,3045,1793,,,,,,100222,"Blair, A. C.",,4th C.M.R.,24-10-15,Pte. is. 3-6-16. s.o.s.
13,133,1772,1349,1808,835545,"Bey, J. N.",146;h Bn.,1-12-16,Pte. tc. 6-9-17. s.o.s.
13,1819,1825,3045,1867,,,,,,158040,"Blair, J. M.",,Slst Bn.,7-6-16,Pte. Sgt. tr. 4-10-16.
13,132,1846,1301,1882,51456$,"Beyer, C. J.",C.A.S.C.,9-8-18,Pte. Killed 28-8-18.
13,113,1884,1278,1921,3231045,"Bibead, N.",2nd Bn. 1st,20-6-18,Pte. s.o.s. 19-3-19.
13,1799,1899,3046,1942,,,,,,3107437,"Blair, J. X.",,2nd C.O.R.,20-9-18,"Pte. Trct^s. 85th Bn.,"
13,131,1959,1279,1994,213682,"Bict.erton, E.",00th Bn.,28-6-16,Pte. s.o.s. 29-3-19.
13,133,1995,1349,2033,10921 &,"Bedwell, J. G.",4th C.M.R.,24-10-15,"Pte. Trans, to 3rd Can."
13,1819,2012,2976,2055,,,,,,835631,"Blake, A. A.",,146th Bn.,3-11-16,Pte. s.o.s. 10-5-19.
13,1821,2049,3047,2092,,,,,,113092,"Blake, H-",,Sth C.M.R.,29-1-16,"Pte. ic. 1-10-16., s.o.s."
13,131,2110,1348,2145,109219,"Biggar, F. L.",4th C.M.R.,24-10-15,Pte. Sgt. s.o.s. 31-8-17.
14,212,179,1410,212,"Reg. No. X "".",,Overseas,E-::,RerimT.'a! Reeord
14,1856,197,3066,231,,,,,,Re;r. X:.,,,Bar.i’hei!,KcgiL.onta! Ilceon!.
14,231,266,1433,299,159770 Biake .T,,81st Bn.,20-C-tC-,Pte. d. cf vr. 14-11-17.
14,1874,281,3097,314,,,,,,ic:.:3,"Boon, A. E.",4th C.M.R.,,Fie. tr. 1-10-16. s.o.s.
14,231,304,1452,334,"113093 Blake. L,",,Sth C.M.R.,20-!-10,"Pte. Missinc, dre.sutri¬"
14,1874,355,3024,388,,,,,,ICC2-C,"Bootii, D. M.",4th C.M.R.,24-10-15,• ; te. s. o.s. 12-9-10.
14,230,379,1362,407,"835002 Blakely. X J,",,140th Ba.,1-12-16,Pte. s.o.*. S-4-19.
14,1873,393,3058,425,,,,,,i::x:,"Boots:, G. T.",Slst En.,7-6-16,"Pte. A,Sgt. s. o. s."
14,230,417,1379,445,G4807G Blanchette. A.,,159th Bn.,22-4-17,Pte. s.o.s. 20-3-19.
14,231,455,1449,488,"100104 Blanet, x.",,4th C.M.R.,24-10-15,Pte. L/Cpl. s.o.s. 17-
14,2003,467,3023,499,,,,,,,"Bootii, T. G.",4th C.M.R.,24-10-15,"Pte, s.o.s. 2S-3-10."
14,1871,505,3024,537,,,,,,nieis,"Booth, \7. T.",Gth C.M.R.,2-1-16,rtc. s.o.s. 25-5-10.
14,231,529,1399,563,"157542 Blaxey, P.. VT.",,Slst Bn.,29-6-10,Pte. Killed 10-4-17.
14,1870,542,3028,575,,,,,,4C4C73,"CorxEAi:, R. E",35th En.,26-3-16,rtc. Killed 2-6-16.
14,230,568,1449,601,"171432 Blaxkeoen, E.",,83rd Bn.,7-6-1C,Pte. Sgt. ;r. 30-3-18.
14,1871,580,3094,613,,,,,,1110-13,"Borden, D. E.",6th C.M.E.,2-1-16,L O?!. Sgt. p. of w.
14,229,642,1380,670,109223 Blayxey. J. T.,,4th C.M.E.,24-10-15,Pte. Killed 2-6-16.
14,228,680,1446,710,171433 Blenkece::. T.,,83rd Bn.,7-0-10,Pte. tr. 14-9-16. 1-11-
14,1871,691,3094,725,,,,,,nsccr,"Boree, C.",Sth C.M.R.,29-1-16,Pte. tr. ccc. 13-2-16.
14,227,755,1446,786,"109225 Blick, J.",,4th C.M.R. 24-10-15,,Pte. Trnns. 3rd Can.
14,1868,766,3023,799,,,,,,sssr:,"Border, S. D.",147th Bn.,22-4-17,Pte. s.o.s. 11-4-19.
14,1868,804,3020,837,,,,,,SSS'73,"Bosley, E. E.",147th Bn.,7-3-17,Pte. s.o.s. 16-3-18.
14,1850,841,3044,874,,,,,,310C735,"Boss art, A.",1st Bn. 2nd,18-0-18,Pte. Killed 4-10-18.
14,225,868,1443,897,172472,Blocklet.,83rd Bn.,29-7-16,Pte. tr. 2-10-16. s.o.s.
14,398,906,1968,934,,E. W.,,,1-4-19.,"COCO""'"
14,1867,916,3093,949,,,,,,Cuu-iJ,"Bott, W. A.",147th Bn.,12-5-17,Pte. tr. 16-9-18. s.o.s.
14,223,943,1441,978,400G95,"Blunt, C.",33rd Bn.,8-5-16,Pte. tr. c.xd p. of w.
14,1867,990,3093,1023,,,,,,83sr.:,"Bottikg, B.",146th Bn.,1-12-16,Pte. tr. 12-4-17. s.o.s.
14,222,1058,3003,1098,109224,"Blyth, S. D.",4tli C.M.R.,24-10-15,Pte. p. of w. 2-6-16.,,*,"Botting, G.",146th En.,3-11-13,Pte. s.c.s. 5-5-19.
14,1848,1103,3003,1135,,,,,,SGSSZlo,"Boucher, D. M.",1st En. 1st,12-8-18,Pte. s.o.s. 1-3-19.
14,218,1172,3020,1210,835230,"B0\- Ai.'ivj , u . 1..",14otii Bn.,1-12-16,Pte. L/Cpl. tr. 11-7-18.,64C1C1,"Boudreau, J. J.",159th En.,7-3-17,Pte. s.o.s. 10-4-1S.
14,1101,1212,3091,1249,,,,,s.o.s. 2S-I-19.,833:77,"Boxjglas, \V.",147 th Bn.,17-2-17,"Pte. tr. 11-4-17, 10-8-18."
14,218,1247,1414,1282,724671,"Bockixg, T.",146th Bn.,3-11-16,Pte. d. of tr. 29-8-13.
14,217,1286,3089,1324,491095,"Boden,. K. E.",33rd En.,7-6-1G,Pte. s.o.s. 2-11-13.,6S3S1-',"Bourcier, X.",154th En.,27-7-17,"Pte. tr. 24-2-18, 8-11-18."
14,217,1324,2954,1357,727666,"Bodeneai;, VT,",110th Bn.,22-4-17,Pte. iv. 1S-C-17. s.o.s.,,,,,s.o.s. 19-3-19.
14,1098,1363,3018,1397,,,,,6-7-19.,64SC£c,"Bouzan, L.",159th En.,17-6-17,Pte. s.o.s. 1S-4-18.
14,215,1400,3089,1435,491061,Bokaxxax. V,33rd Bn.,7-6-10,Pte. Sgt. tv. 23-7-16.,,"Bov AT, E.",C.A.S.C.,22-2-1S,Pte. tr. 25-8-18. s.o.s.
14,214,1475,3088,1510,109207,"Bou'.', J. E.",4th C.M.R.,24-10-15,Pte. w. 21-8-16. s.o.s.,,"Bovingdon, L. G. 147th Bn.",,7-3-17,Pte. tr. 8-10-18. s.o.s.
14,199,1551,3088,1585,1004163,"Boice, E. A.",227th Bn.,27-9-17,Pte. s.o.s. 20-3-19.,I0S22C,"Bov,-beer, E. B.",4th C.M.R.,24-10-15,Pte. tr. 27-10-17. s.o.s.
14,213,1589,2870,1622,109105,BoLixGBr.orr.,4th C.M.R.,24-10-15,"Pte. 14-9-16, tr. 12-10-18.",,,,,14-0-18.
14,387,1625,3087,1660,,A. E.,,,s.o.s. 23-5-19.,401224,"Bowden, W.",33rd Bn.,7-6-16,Pte. Sgt. ti). 6-10-16.
14,213,1664,2935,1693,109226,Bolixgbecex. C.,4th C.M.R.,24-10-15,Pte. Killed 2-S-16.,,,,,s.o.s. 7-4-20.
14,211,1699,3014,1736,727511,"Bolster, G. C.",110th Bn.,22-4-17,Pte. Killed 23-8-18.,2591G12,"Bot/en, C.",C.A.S.C.,9-8-18,Pte. s.o.s. 20-3-19.
14,211,1737,3086,1774,109227,"Boltox, E. R.",4th C.M.R.,24-10-15,Pte. s.o.s. 23-3-19.,172:IS,"Boweb, K. \V.",Sore* En.,7-6-16,"Pte. ir. 18-0-16,27-10-17."
14,208,1778,2981,1813,28512S,"Boxd, C. C. G.",220th Bn.,28-2-18,Pte. L Cpi. s. o. s.,,,,,s.o. e. 11-11-18.
14,1089,1809,3015,1846,,,,,6-4-19'.,249S33S,"Bowers, A. L.",C.F.C.,4-10-18,Pte. s.g.s. 20-3-19.
14,190,1849,3014,1887,3040202,"Boxd, L. F.",1st Bn. 1st,29-10-18,Pte. s.o.s. 20-3-19.,630703,"Bov/Er.3, R.",155th En.,29-11-16,Pte. s.o.s. 14-5-19.
14,674,1887,3086,1922,,,C.O.R.,,,2G1S20,"Bowers, S. G.",Sotli En.,3-11-16,Pte. Cpl. tr. 11-9-17.
14,208,1928,2950,1960,i0^000,"Boxd, V»\ II",Slst Bn.,29-6-16,Pte. s.o.s. 25-2-17.,,,,,s.o.s. 24-1-19.
14,205,1961,3086,2002,63G189,"Bo.ngaso, D.",155th Bn.,29-11-16,Pte. s.o.s. 2-o-iO.,S3S7CG,"EgV,‘E3, W. F.",147th En.,7-3-17,Pte. u\ 8-9-17. s.o.s.
14,206,2007,1414,2041,159510,"Eonhai:, FI. J.",Slst Bn.,7-6-16,Pte. Sgt. Kiiied 11-4-17.
14,204,2036,3063,2079,1130SG,"Egnxhr, P. C.","feta C.M.E,.",29-1-16,Cpi. s.o.s. 22-5-19.,83SF3:,"Bov,'WAN, J. N.",147th En.,22-4-17,Pte. d. of v. 30-10-47.
14,202,2074,3084,2118,835979,"Bonny, R. F.",140tu Bn.,3-11-1C,"Pte. id. 26-10-17,",633825,"Bowman, W. II.",154th Bn.,29-11-16,"Pte. tr. 17-3-17,(27-8-18."
